SaleID,CustomerID,ProductID,SaleDate,Quantity,TotalAmount,DiscountApplied,OrderStatus,SalesRepID
1,1,1,6/13/2023,4,461.21,18.35,Shipped,1004
2,2,2,6/4/2023,5,307.45,14.09,Cancelled,1002
3,3,3,6/9/2023,3,354.4,5.8,Delivered,1005
4,4,4,6/16/2023,4,483.98,18.25,Shipped,1003
5,5,5,6/15/2023,2,394.77,16.31,Shipped,1002
6,6,6,6/12/2023,1,214.77,14.09,Shipped,1002
7,7,7,6/19/2023,1,417.39,1.97,Processing,1002
8,8,8,6/10/2023,4,367.44,14.18,null,1001
9,9,9,6/8/2023,null,336.39,10.04,Cancelled,1004
10,10,10,6/7/2023,5,252.61,5.85,null,1003
11,11,11,6/1/2023,5,230.26,11.46,Cancelled,1005
12,12,12,6/7/2023,4,459.01,13.49,Shipped,1002
13,13,13,6/13/2023,5,348.32,4.8,Cancelled,1003
14,14,14,6/10/2023,5,191.9,5.08,Processing,1004
15,15,15,6/18/2023,2,395.9,13.43,Shipped,1003
16,16,16,6/17/2023,3,421.52,7.05,Shipped,1001
17,17,17,6/15/2023,5,281.97,2.05,Processing,1002
18,18,18,6/7/2023,2,216.52,15.78,Processing,1003
19,19,19,6/14/2023,1,379.04,3.91,Delivered,1002
20,20,20,6/7/2023,1,440.82,0.72,Processing,1004
21,21,21,6/8/2023,5,419.58,16.37,Shipped,1003
22,22,22,6/15/2023,3,401.92,4.14,Cancelled,1004
23,23,23,6/7/2023,2,377.45,8.08,Cancelled,1003
24,24,24,6/9/2023,3,227.07,5.19,Cancelled,1001
25,25,25,6/10/2023,5,197.19,13.1,Processing,1001
26,26,26,6/2/2023,3,249.58,13.29,Shipped,null
27,27,27,6/4/2023,1,388.18,19.32,Cancelled,1004
28,28,28,6/17/2023,5,379.32,8.82,Cancelled,1002
29,29,29,6/5/2023,4,465.7,6.92,Shipped,1004
30,30,30,6/8/2023,4,370.21,3.05,Processing,null
31,31,31,6/7/2023,1,208.57,12.85,Processing,1001
32,32,32,6/12/2023,2,339.38,7.93,Shipped,1003
33,33,33,6/1/2023,2,150.74,8.91,Processing,1002
34,34,34,6/13/2023,1,154.22,1.69,Shipped,1005
35,35,35,6/6/2023,1,337.73,3.09,Delivered,1003
36,36,36,6/19/2023,3,342.19,9.92,Cancelled,1004
37,37,37,6/8/2023,1,394.72,7.57,Processing,1005
38,38,38,6/13/2023,4,367.32,18.75,Processing,1004
39,39,39,6/1/2023,3,269.14,10.62,Cancelled,1004
40,40,40,6/16/2023,3,319.99,7.24,Shipped,1002
41,41,41,6/5/2023,2,170.4,8.07,Cancelled,1003
42,42,42,6/16/2023,4,151.22,16.27,Processing,1004
43,43,43,6/3/2023,2,175.72,18.65,Cancelled,1003
44,44,44,6/2/2023,3,492.62,12.18,Processing,1001
45,45,45,6/12/2023,3,376.36,5.08,Shipped,1005
46,46,46,6/19/2023,3,337.74,8.22,Cancelled,1003
47,47,47,6/7/2023,1,338.37,8.88,Processing,1004
48,48,48,6/5/2023,5,443.58,2.21,Shipped,1004
49,49,49,6/1/2023,5,208.39,7.39,Delivered,1001
50,50,50,6/19/2023,3,216.85,12.78,Shipped,1003
51,51,51,6/1/2023,5,424.34,8.21,Cancelled,1001
52,52,52,6/18/2023,4,424.65,5.77,Delivered,1003
53,53,53,6/14/2023,4,347.87,16.91,Processing,1004
54,54,54,6/5/2023,2,496.72,8.11,Delivered,1004
55,55,55,6/14/2023,3,218.16,15.5,Cancelled,1002
56,56,56,6/15/2023,5,367.21,8.42,Processing,1004
57,57,57,6/6/2023,1,311.8,17.63,Cancelled,1002
58,58,58,6/18/2023,4,463.65,14.4,Processing,1002
59,59,59,6/7/2023,3,367.1,18.24,Shipped,1002
60,60,60,6/1/2023,4,153.34,19.43,Processing,1003
61,61,61,6/9/2023,3,310.99,7.28,Shipped,1004
62,62,62,6/3/2023,3,305.46,0.68,Cancelled,1001
63,63,63,6/5/2023,3,488.2,11.15,Cancelled,1002
64,64,64,6/4/2023,4,347.7,15.84,Delivered,1004
65,65,65,6/4/2023,2,190.76,2.92,Delivered,1005
66,66,66,6/9/2023,3,404.64,19.96,Processing,1004
67,67,67,6/2/2023,3,424.3,5.76,Cancelled,1004
68,68,68,6/12/2023,5,471.31,4.9,Shipped,1005
69,69,69,6/14/2023,4,219.77,4.98,Cancelled,1005
70,70,70,6/19/2023,5,340.7,15.62,Processing,1005
71,71,71,6/16/2023,1,353.52,18.43,Shipped,1005
72,72,72,6/3/2023,3,400.65,0.54,Processing,1001
73,73,73,6/16/2023,3,345.16,4.99,Cancelled,1004
74,74,74,6/18/2023,1,287.93,14.13,Shipped,1002
75,75,75,6/16/2023,2,237.89,14.24,Shipped,1005
76,76,76,6/14/2023,4,336.62,8.44,Processing,1004
77,77,77,6/5/2023,2,454.53,12.02,Shipped,1005
78,78,78,6/19/2023,2,403.03,11.22,Cancelled,1003
79,79,79,6/7/2023,2,157.34,10.07,Cancelled,1002
80,80,80,6/9/2023,2,279.4,19.36,Processing,1001
81,81,81,6/17/2023,3,451.57,13.56,Cancelled,1003
82,82,82,6/13/2023,2,218.28,1.44,Processing,1004
83,83,83,6/6/2023,1,483.02,12.93,Processing,1005
84,84,84,6/16/2023,3,420.09,10.42,Shipped,1004
85,85,85,6/11/2023,1,164.35,6.13,Processing,1004
86,86,86,6/2/2023,5,207.72,5.79,Cancelled,1005
87,87,87,6/15/2023,4,163.01,8.42,Cancelled,1002
88,88,88,6/12/2023,1,444.64,12.81,Shipped,1003
89,89,89,6/18/2023,1,425.05,15.07,Shipped,1003
90,90,90,6/11/2023,5,201.68,16.31,Shipped,1004
91,91,91,6/14/2023,4,497.35,16.31,Shipped,1003
92,92,92,6/3/2023,1,164.19,1.78,Shipped,1003
93,93,93,6/18/2023,1,398.71,9.98,Delivered,1003
94,94,94,6/19/2023,4,370.94,7.37,Processing,1002
95,95,95,6/3/2023,3,340.39,10.69,Processing,1005
96,96,96,6/1/2023,4,260.97,19.86,Cancelled,1004
97,97,97,6/4/2023,5,460.07,2.5,Processing,1002
98,98,98,6/13/2023,4,400.28,9.08,Processing,1001
99,99,99,6/2/2023,4,307.3,8.99,Cancelled,1004
100,100,100,6/13/2023,4,356.19,15.35,Cancelled,1003
101,101,101,6/19/2023,5,434.68,2.63,Shipped,1002
102,102,102,6/18/2023,5,249.83,6.73,Cancelled,1005
103,103,103,6/10/2023,4,267.33,0.13,Delivered,1001
104,104,104,6/18/2023,2,353.21,19.02,Shipped,1004
105,105,105,6/10/2023,3,374.17,16.42,Processing,1003
106,106,106,6/6/2023,5,310.76,10.85,Processing,1002
107,107,107,6/18/2023,4,445.86,19.44,Cancelled,1002
108,108,108,6/16/2023,3,185.77,19.9,Processing,1001
109,109,109,6/2/2023,1,155.06,10.34,Processing,1005
110,110,110,6/2/2023,5,421.46,16.25,Processing,1003
111,111,111,6/17/2023,3,333.8,15.79,Cancelled,1003
112,112,112,6/8/2023,3,297.82,8.53,Cancelled,1003
113,113,113,6/8/2023,5,447.72,12.43,Cancelled,1005
114,114,114,6/1/2023,3,349.8,17.21,Processing,1004
115,115,115,6/8/2023,4,420.28,15.51,Processing,1002
116,116,116,6/9/2023,5,215.88,9.49,Shipped,1004
117,117,117,6/10/2023,3,305.95,9.31,Processing,1002
118,118,118,6/2/2023,4,240.19,8.91,Shipped,1005
119,119,119,6/2/2023,2,310.81,5.9,Processing,1005
120,120,120,6/16/2023,2,270.05,19.94,Cancelled,1005
121,121,121,6/7/2023,2,458.58,9.23,Processing,1004
122,122,122,6/16/2023,2,211.03,14.77,Cancelled,1002
123,123,123,6/12/2023,2,354.6,19.76,Processing,1003
124,124,124,6/13/2023,1,192.62,8.93,Delivered,1001
125,125,125,6/11/2023,4,463.52,12.18,Shipped,1002
126,126,126,6/5/2023,2,433.3,4.3,Delivered,1001
127,127,127,6/10/2023,5,487.43,2.44,Processing,1001
128,128,128,6/11/2023,2,274.62,9.76,Cancelled,1003
129,129,129,6/6/2023,5,324.28,3.86,Shipped,1004
130,130,130,6/9/2023,2,468.27,7.75,Processing,1004
131,131,131,6/7/2023,4,152.42,2.27,Delivered,1005
132,132,132,6/7/2023,3,322.63,12.39,Shipped,1005
133,133,133,6/5/2023,1,330.21,15.78,Cancelled,1004
134,134,134,6/13/2023,4,170.02,0.79,Delivered,1003
135,135,135,6/6/2023,1,330.03,2.74,Cancelled,1003
136,136,136,6/4/2023,4,345.24,14.67,Delivered,1004
137,137,137,6/14/2023,1,210.27,9.63,Shipped,1001
138,138,138,6/9/2023,5,369.38,15.67,Shipped,1003
139,139,139,6/16/2023,3,448.66,11.94,Processing,1004
140,140,140,6/6/2023,5,331.6,17.36,Processing,1002
141,141,141,6/11/2023,5,200.43,17.14,Cancelled,1003
142,142,142,6/3/2023,5,215.91,15.52,Cancelled,1003
143,143,143,6/3/2023,2,237.51,15.69,Delivered,1001
144,144,144,6/2/2023,3,303.93,7.31,Shipped,1001
145,145,145,6/8/2023,1,150.01,10.44,Delivered,1005
146,146,146,6/15/2023,1,272.47,0.59,Cancelled,1002
147,147,147,6/6/2023,5,228.63,10.32,Processing,1003
148,148,148,6/18/2023,3,283.8,0.13,Delivered,1002
149,149,149,6/6/2023,1,299,16.79,Cancelled,1003
150,150,150,6/18/2023,3,406.96,14.41,Shipped,1005
151,151,151,6/2/2023,2,463.45,3.73,Shipped,1003
152,152,152,6/9/2023,3,443.63,19.01,Cancelled,1005
153,153,153,6/6/2023,2,233.53,13.32,Shipped,1005
154,154,154,6/14/2023,1,384.52,1.16,Cancelled,1005
155,155,155,6/14/2023,3,428.04,10.31,Shipped,1003
156,156,156,6/2/2023,2,414.23,16.86,Delivered,1002
157,157,157,6/10/2023,3,394.94,15.83,Processing,1001
158,158,158,6/7/2023,4,440.18,8.77,Delivered,1001
159,159,159,6/8/2023,3,412.18,0.5,Delivered,1002
160,160,160,6/2/2023,4,187.69,18.41,Shipped,1005
161,161,161,6/15/2023,2,364.47,7.6,Shipped,1001
162,162,162,6/4/2023,3,310.92,18.34,Shipped,1001
163,163,163,6/19/2023,4,256.96,5.9,Shipped,1005
164,164,164,6/4/2023,5,366.43,11.87,Cancelled,1003
165,165,165,6/17/2023,1,256.28,4.93,Processing,1005
166,166,166,6/18/2023,3,213.58,6.59,Cancelled,1003
167,167,167,6/10/2023,2,159.93,16.44,Cancelled,1001
168,168,168,6/15/2023,2,184.91,2.23,Cancelled,1002
169,169,169,6/14/2023,3,453.01,9.71,Delivered,1002
170,170,170,6/7/2023,4,355.56,3.55,Delivered,1002
171,171,171,6/8/2023,2,162.14,16.25,Processing,1003
172,172,172,6/6/2023,4,229.05,7.82,Cancelled,1001
173,173,173,6/11/2023,4,296.46,11.35,Delivered,1003
174,174,174,6/2/2023,3,398.79,10.96,Processing,1003
175,175,175,6/19/2023,1,251.72,16.75,Cancelled,1001
176,176,176,6/8/2023,5,349.03,5.38,Processing,1001
177,177,177,6/6/2023,3,392.56,12.15,Shipped,1002
178,178,178,6/2/2023,3,206.92,0.13,Cancelled,1001
179,179,179,6/10/2023,3,347.14,9.68,Processing,1004
180,180,180,6/9/2023,2,274.71,1.68,Shipped,1004
181,181,181,6/3/2023,4,499.89,11.33,Delivered,1003
182,182,182,6/4/2023,1,360.86,8.72,Shipped,1005
183,183,183,6/9/2023,3,174.94,14.19,Processing,1002
184,184,184,6/11/2023,5,368.15,16.59,Cancelled,1004
185,185,185,6/5/2023,3,368.28,6.9,Processing,1005
186,186,186,6/1/2023,5,374.36,6.66,Cancelled,1002
187,187,187,6/5/2023,2,187.34,14.7,Shipped,1005
188,188,188,6/10/2023,1,202.12,1.24,Processing,1002
189,189,189,6/13/2023,2,233.28,16.47,Delivered,1005
190,190,190,6/11/2023,5,251.98,10.79,Cancelled,1003
191,191,191,6/3/2023,2,495.37,9.69,Shipped,1003
192,192,192,6/17/2023,4,175.88,5.6,Delivered,1005
193,193,193,6/8/2023,1,426.64,3.71,Processing,1005
194,194,194,6/6/2023,2,424.5,19.33,Processing,1005
195,195,195,6/8/2023,1,465.05,6.43,Delivered,1005
196,196,196,6/14/2023,1,273.21,13.66,Processing,1001
197,197,197,6/13/2023,3,287.68,7.75,Cancelled,1002
198,198,198,6/12/2023,4,357.64,4.91,Shipped,1004
199,199,199,6/2/2023,4,312.24,18.2,Processing,1004
200,200,200,6/7/2023,5,276.6,8.37,Processing,1002
201,201,201,6/16/2023,4,436.04,8.59,Cancelled,1004
202,202,202,6/2/2023,1,289.2,16.7,Cancelled,1003
203,203,203,6/12/2023,2,172.97,18.02,Shipped,1005
204,204,204,6/12/2023,1,464.85,12.99,Shipped,1001
205,205,205,6/5/2023,3,186.12,13.51,Delivered,1002
206,206,206,6/3/2023,3,400.86,1.53,Shipped,1003
207,207,207,6/15/2023,4,418.78,19.14,Shipped,1004
208,208,208,6/1/2023,5,202.25,6.23,Delivered,1005
209,209,209,6/3/2023,4,439.64,5.63,Shipped,1004
210,210,210,6/8/2023,4,319.79,3.95,Cancelled,1002
211,211,211,6/19/2023,4,452.61,6.72,Cancelled,1005
212,212,212,6/16/2023,4,443.25,19.04,Shipped,1002
213,213,213,6/5/2023,4,316.89,9.65,Cancelled,1004
214,214,214,6/16/2023,2,160.84,0.64,Shipped,1002
215,215,215,6/11/2023,2,321.21,12.99,Cancelled,1003
216,216,216,6/8/2023,1,352.71,7.17,Shipped,1003
217,217,217,6/14/2023,4,364.48,12.94,Delivered,1005
218,218,218,6/16/2023,2,150.97,13.5,Cancelled,1003
219,219,219,6/5/2023,3,273.43,3.63,Shipped,1002
220,220,220,6/11/2023,3,447.71,4.36,Delivered,1001
221,221,221,6/17/2023,2,342.27,6.5,Cancelled,1005
222,222,222,6/8/2023,3,407.21,0.54,Processing,1003
223,223,223,6/8/2023,4,437.55,10.99,Processing,1001
224,224,224,6/18/2023,3,480.19,6.6,Processing,1004
225,225,225,6/18/2023,5,315.93,9.62,Delivered,1004
226,226,226,6/5/2023,4,452.05,0.84,Cancelled,1003
227,227,227,6/17/2023,4,338.18,2.84,Cancelled,1004
228,228,228,6/3/2023,1,282.46,17.88,Cancelled,1002
229,229,229,6/17/2023,3,229.28,13.98,Processing,1001
230,230,230,6/4/2023,3,443.18,19.81,Shipped,1002
231,231,231,6/16/2023,5,234.49,3.37,Delivered,1003
232,232,232,6/17/2023,1,491.98,6.11,Delivered,1005
233,233,233,6/3/2023,4,399.72,18.48,Delivered,1004
234,234,234,6/1/2023,3,156.2,18.69,Processing,1001
235,235,235,6/12/2023,1,356.74,15.78,Delivered,1005
236,236,236,6/11/2023,4,275.74,0.29,Processing,1004
237,237,237,6/13/2023,3,398.22,15.32,Shipped,1003
238,238,238,6/8/2023,2,396.12,9.33,Delivered,1002
239,239,239,6/8/2023,5,396.2,3.03,Processing,1001
240,240,240,6/7/2023,4,265.99,3.7,Delivered,1003
241,241,241,6/17/2023,5,219.24,7.04,Cancelled,1002
242,242,242,6/14/2023,4,377.54,13.23,Processing,1004
243,243,243,6/16/2023,1,442.43,6.21,Cancelled,1005
244,244,244,6/6/2023,2,291.37,0.28,Delivered,1004
245,245,245,6/17/2023,3,263.57,2.38,Delivered,1005
246,246,246,6/9/2023,4,205.26,1.62,Processing,1004
247,247,247,6/15/2023,3,290,10.7,Cancelled,1001
248,248,248,6/16/2023,2,316.77,19.58,Cancelled,1005
249,249,249,6/10/2023,3,462.7,16.68,Shipped,1002
250,250,250,6/18/2023,1,164.56,6.84,Processing,1004
251,251,251,6/14/2023,4,222.54,6.01,Processing,1005
252,252,252,6/15/2023,2,429.95,8.04,Cancelled,1002
253,253,253,6/17/2023,4,317.17,6.78,Processing,1001
254,254,254,6/2/2023,5,218.8,4.3,Processing,1003
255,255,255,6/5/2023,3,421.93,8.46,Delivered,1003
256,256,256,6/18/2023,2,242.53,3.06,Processing,1005
257,257,257,6/6/2023,1,238.19,19.6,Shipped,1003
258,258,258,6/4/2023,1,347.04,11.69,Processing,1002
259,259,259,6/19/2023,1,488.01,13.27,Delivered,1001
260,260,260,6/3/2023,4,408.88,6.56,Shipped,1005
261,261,261,6/15/2023,1,261.47,14.41,Shipped,1003
262,262,262,6/13/2023,4,276.18,9.22,Shipped,1002
263,263,263,6/3/2023,3,186.3,17.5,Cancelled,1003
264,264,264,6/2/2023,3,215.62,11.86,Shipped,1005
265,265,265,6/10/2023,5,241.86,9.02,Delivered,1002
266,266,266,6/18/2023,3,440.23,1.57,Processing,1005
267,267,267,6/16/2023,2,481.24,2.76,Cancelled,1002
268,268,268,6/17/2023,4,387.26,10.47,Cancelled,1001
269,269,269,6/4/2023,2,352.17,1.11,Cancelled,1004
270,270,270,6/5/2023,3,301.6,1.32,Shipped,1005
271,271,271,6/15/2023,2,332.52,7.94,Cancelled,1004
272,272,272,6/1/2023,5,259.56,3.81,Cancelled,1004
273,273,273,6/18/2023,1,490.61,8.82,Processing,1003
274,274,274,6/10/2023,2,437.02,13.29,Shipped,1004
275,275,275,6/3/2023,3,405.97,3.88,Shipped,1005
276,276,276,6/15/2023,4,476.98,8.93,Shipped,1003
277,277,277,6/9/2023,4,274.75,15.73,Delivered,1004
278,278,278,6/16/2023,1,270.85,6.33,Cancelled,1001
279,279,279,6/18/2023,1,184.28,10.95,Delivered,1001
280,280,280,6/14/2023,5,367.41,11.75,Cancelled,1002
281,281,281,6/2/2023,2,263.46,19.48,Cancelled,1001
282,282,282,6/19/2023,4,492.14,18.58,Shipped,1002
283,283,283,6/17/2023,2,398.84,19.73,Cancelled,1004
284,284,284,6/7/2023,1,213.49,7.49,Delivered,1004
285,285,285,6/12/2023,2,381.92,5,Delivered,1003
286,286,286,6/15/2023,2,311.18,19.51,Cancelled,1002
287,287,287,6/11/2023,4,212.47,2.15,Cancelled,1001
288,288,288,6/4/2023,5,286.95,4.34,Delivered,1003
289,289,289,6/2/2023,2,239.27,10.67,Shipped,1003
290,290,290,6/4/2023,5,277.12,14.73,Shipped,1002
291,291,291,6/2/2023,4,227.59,12.23,Processing,1004
292,292,292,6/1/2023,4,330.79,6.95,Shipped,1002
293,293,293,6/7/2023,3,220.62,7.2,Delivered,1001
294,294,294,6/16/2023,2,254.45,2.61,Shipped,1001
295,295,295,6/6/2023,2,177.72,13.03,Shipped,1002
296,296,296,6/2/2023,5,302.3,8.49,Cancelled,1004
297,297,297,6/14/2023,4,337.59,5.84,Processing,1003
298,298,298,6/16/2023,4,319.69,13.57,Cancelled,1001
299,299,299,6/19/2023,1,449.27,12.7,Cancelled,1001
300,300,300,6/5/2023,4,262.23,0.05,Delivered,1005
301,301,301,6/13/2023,4,228.37,7.37,Cancelled,1003
302,302,302,6/7/2023,5,179.78,9.15,Cancelled,1004
303,303,303,6/2/2023,3,177.88,7.32,Cancelled,1003
304,304,304,6/8/2023,1,306.73,6.18,Cancelled,1003
305,305,305,6/19/2023,4,233.66,7.22,Processing,1005
306,306,306,6/15/2023,5,421.83,18.58,Cancelled,1001
307,307,307,6/14/2023,4,439.63,14.4,Cancelled,1001
308,308,308,6/8/2023,5,484.49,14.96,Shipped,1003
309,309,309,6/1/2023,3,480.38,11.16,Cancelled,1001
310,310,310,6/14/2023,3,368.12,1.84,Processing,1001
311,311,311,6/12/2023,2,157.83,0.43,Delivered,1002
312,312,312,6/7/2023,3,233.86,11.76,Processing,1002
313,313,313,6/4/2023,4,213.14,9.64,Shipped,1003
314,314,314,6/15/2023,3,180.82,16.06,Processing,1003
315,315,315,6/8/2023,4,280.03,6.9,Cancelled,1002
316,316,316,6/10/2023,2,188.41,1.85,Delivered,1003
317,317,317,6/18/2023,2,348.13,4.96,Shipped,1004
318,318,318,6/11/2023,3,251.31,4.64,Shipped,1001
319,319,319,6/3/2023,5,492.79,10.98,Delivered,1001
320,320,320,6/14/2023,3,209.95,3.01,Shipped,1003
321,321,321,6/15/2023,2,382.26,6.69,Delivered,1003
322,322,322,6/19/2023,4,323.9,18.23,Delivered,1004
323,323,323,6/15/2023,1,257.17,17.47,Delivered,1001
324,324,324,6/5/2023,3,366.05,18.5,Delivered,1004
325,325,325,6/6/2023,5,171.39,14.9,Processing,1002
326,326,326,6/16/2023,3,242.64,5.7,Cancelled,1001
327,327,327,6/16/2023,3,359.74,3.8,Shipped,1003
328,328,328,6/15/2023,1,499.25,15.53,Cancelled,1004
329,329,329,6/11/2023,1,497.92,19.75,Delivered,1002
330,330,330,6/13/2023,1,280.61,15.83,Shipped,1001
331,331,331,6/9/2023,1,289.59,19.17,Cancelled,1005
332,332,332,6/1/2023,3,248.8,1.99,Processing,1002
333,333,333,6/17/2023,1,218.72,12.29,Delivered,1004
334,334,334,6/8/2023,3,476.89,13.38,Processing,1004
335,335,335,6/12/2023,1,367.64,12.29,Shipped,1004
336,336,336,6/5/2023,1,476.72,15.08,Cancelled,1002
337,337,337,6/3/2023,1,410.46,4.37,Shipped,1003
338,338,338,6/3/2023,1,226.42,12.95,Shipped,1004
339,339,339,6/6/2023,4,438.44,19.73,Delivered,1003
340,340,340,6/10/2023,5,442.39,4.16,Processing,1005
341,341,341,6/5/2023,2,189.03,5.18,Processing,1001
342,342,342,6/11/2023,3,222.84,3.34,Cancelled,1002
343,343,343,6/4/2023,5,409.88,8.81,Delivered,1003
344,344,344,6/3/2023,2,309,16.61,Processing,1002
345,345,345,6/13/2023,2,456.4,0.67,Delivered,1003
346,346,346,6/8/2023,5,255.64,16.1,Delivered,1001
347,347,347,6/15/2023,3,222.33,0.57,Processing,1001
348,348,348,6/6/2023,1,182.67,6.97,Delivered,1003
349,349,349,6/14/2023,3,305.98,7.43,Processing,1003
350,350,350,6/8/2023,1,491.36,7.42,Processing,1003
351,351,351,6/10/2023,2,275.6,11.6,Cancelled,1001
352,352,352,6/19/2023,1,162.03,7.97,Cancelled,1001
353,353,353,6/7/2023,2,359.62,2.81,Shipped,1003
354,354,354,6/7/2023,3,309.92,15.96,Delivered,1004
355,355,355,6/6/2023,3,362.09,19.59,Processing,1002
356,356,356,6/9/2023,1,154.37,10.31,Processing,1002
357,357,357,6/13/2023,1,284.5,9.13,Shipped,1001
358,358,358,6/14/2023,5,498.06,17.44,Processing,1004
359,359,359,6/16/2023,2,283.93,12.66,Shipped,1004
360,360,360,6/16/2023,3,157.87,11.49,Cancelled,1004
361,361,361,6/5/2023,3,342.76,11.14,Shipped,1004
362,362,362,6/8/2023,3,336.29,9.42,Processing,1002
363,363,363,6/3/2023,2,393.59,12.88,Processing,1004
364,364,364,6/6/2023,4,258.61,13.44,Delivered,1001
365,365,365,6/6/2023,1,162.11,5.31,Processing,1002
366,366,366,6/9/2023,2,425.61,13.08,Shipped,1001
367,367,367,6/19/2023,1,461.24,17.58,Shipped,1002
368,368,368,6/4/2023,3,259.19,7,Processing,1001
369,369,369,6/8/2023,4,229.11,7.83,Delivered,1003
370,370,370,6/8/2023,4,443.62,7.03,Cancelled,1001
371,371,371,6/11/2023,3,429.57,1.12,Delivered,1003
372,372,372,6/12/2023,5,364.21,19.24,Processing,1005
373,373,373,6/7/2023,1,215.5,13.68,Cancelled,1001
374,374,374,6/9/2023,4,401.21,4.43,Shipped,1003
375,375,375,6/3/2023,2,282.81,11.04,Shipped,1002
376,376,376,6/18/2023,5,439.48,19.91,Cancelled,1005
377,377,377,6/1/2023,2,471.79,14.7,Processing,1005
378,378,378,6/16/2023,3,491.51,17.73,Cancelled,1001
379,379,379,6/11/2023,1,157.38,19.45,Cancelled,1001
380,380,380,6/15/2023,5,331.85,2.56,Delivered,1001
381,381,381,6/10/2023,3,380.7,4.97,Cancelled,1002
382,382,382,6/17/2023,5,397.03,13.14,Processing,1003
383,383,383,6/18/2023,5,324.81,6.33,Processing,1002
384,384,384,6/13/2023,2,445.72,16.85,Cancelled,1002
385,385,385,6/7/2023,1,342.38,0.64,Shipped,1001
386,386,386,6/19/2023,5,374.56,12.06,Processing,1003
387,387,387,6/5/2023,5,313.54,14.56,Delivered,1004
388,388,388,6/3/2023,4,162.31,17.05,Delivered,1005
389,389,389,6/11/2023,4,335.9,0.06,Delivered,1001
390,390,390,6/8/2023,4,304.15,12.92,Processing,1004
391,391,391,6/1/2023,5,322.01,8.51,Cancelled,1001
392,392,392,6/1/2023,4,491.68,16.27,Cancelled,1002
393,393,393,6/15/2023,4,439.98,6.38,Delivered,1002
394,394,394,6/17/2023,5,425.12,11.23,Delivered,1003
395,395,395,6/17/2023,1,187.92,14.89,Delivered,1001
396,396,396,6/12/2023,2,206.15,8.36,Delivered,1004
397,397,397,6/18/2023,1,424.47,18.45,Shipped,1005
398,398,398,6/3/2023,4,216.49,1.11,Processing,1005
399,399,399,6/5/2023,5,499.59,19.37,Processing,1005
400,400,400,6/5/2023,5,349.03,6.79,Processing,1002
401,401,401,6/11/2023,3,363.02,19.45,Processing,1003
402,402,402,6/4/2023,1,476.27,3.16,Shipped,1002
403,403,403,6/8/2023,4,351.74,12.31,Processing,1003
404,404,404,6/12/2023,5,467.43,1.02,Shipped,1004
405,405,405,6/8/2023,1,324.04,15.18,Delivered,1005
406,406,406,6/17/2023,2,420.68,11.11,Shipped,1005
407,407,407,6/4/2023,3,383.58,2.16,Delivered,1002
408,408,408,6/13/2023,2,492.47,7.29,Processing,1001
409,409,409,6/7/2023,2,299.13,10.09,Processing,1003
410,410,410,6/4/2023,5,319.98,13.69,Cancelled,1001
411,411,411,6/16/2023,4,460.06,10.58,Cancelled,1005
412,412,412,6/2/2023,2,268.68,7.04,Shipped,1004
413,413,413,6/8/2023,5,285.61,5.49,Shipped,1004
414,414,414,6/12/2023,5,467.84,12.08,Delivered,1005
415,415,415,6/9/2023,4,454.49,11.07,Cancelled,1002
416,416,416,6/2/2023,4,317.87,15.8,Delivered,1001
417,417,417,6/15/2023,3,281.34,17.13,Shipped,1003
418,418,418,6/4/2023,4,400.82,3.8,Cancelled,1002
419,419,419,6/14/2023,4,474.58,5.98,Cancelled,1001
420,420,420,6/11/2023,5,456.65,18.51,Cancelled,1001
421,421,421,6/16/2023,3,175.41,0.2,Cancelled,1001
422,422,422,6/6/2023,1,498.42,6.2,Delivered,1004
423,423,423,6/17/2023,3,207.69,4.46,Cancelled,1001
424,424,424,6/10/2023,2,253.45,3.7,Delivered,1004
425,425,425,6/13/2023,4,467.21,18.96,Processing,1005
426,426,426,6/17/2023,2,390.3,0.89,Delivered,1005
427,427,427,6/5/2023,1,434.62,11.43,Processing,1002
428,428,428,6/17/2023,1,310.59,15.98,Processing,1005
429,429,429,6/3/2023,1,232.6,16.93,Shipped,1005
430,430,430,6/19/2023,5,413.36,4.78,Shipped,1003
431,431,431,6/19/2023,4,311.68,4.87,Processing,1001
432,432,432,6/16/2023,2,158.96,17.52,Delivered,1004
433,433,433,6/10/2023,3,259.37,13.82,Cancelled,1002
434,434,434,6/13/2023,2,399.17,17.17,Delivered,1004
435,435,435,6/1/2023,4,328.03,3.91,Shipped,1005
436,436,436,6/5/2023,5,319.41,2.43,Cancelled,1005
437,437,437,6/16/2023,4,330.11,15.5,Processing,1002
438,438,438,6/1/2023,1,426.86,11.95,Processing,1004
439,439,439,6/14/2023,5,469.68,10.75,Cancelled,1004
440,440,440,6/12/2023,3,448.21,18.09,Shipped,1004
441,441,441,6/18/2023,3,423.18,19.15,Shipped,1003
442,442,442,6/17/2023,4,246.39,6.44,Cancelled,1003
443,443,443,6/13/2023,2,299.4,5.2,Processing,1004
444,444,444,6/14/2023,4,376.39,2.05,Cancelled,1005
445,445,445,6/8/2023,5,459.25,10.31,Cancelled,1003
446,446,446,6/19/2023,3,154.89,0.62,Shipped,1003
447,447,447,6/4/2023,5,193.58,14.8,Shipped,1002
448,448,448,6/2/2023,3,281.33,14.7,Delivered,1003
449,449,449,6/17/2023,5,158.08,15.95,Delivered,1004
450,450,450,6/11/2023,1,414.79,9.7,Delivered,1003
451,451,451,6/17/2023,2,349.3,9.99,Shipped,1002
452,452,452,6/4/2023,2,180.43,11.17,Delivered,1003
453,453,453,6/18/2023,5,163.58,0.18,Processing,1001
454,454,454,6/9/2023,1,181.27,0.73,Delivered,1003
455,455,455,6/15/2023,2,473.24,15.01,Shipped,1003
456,456,456,6/2/2023,5,386.16,17.19,Shipped,1002
457,457,457,6/12/2023,2,338.43,8.53,Processing,1002
458,458,458,6/4/2023,3,375,13.75,Shipped,1005
459,459,459,6/15/2023,5,341.99,7.02,Processing,1003
460,460,460,6/9/2023,3,330.65,17.59,Delivered,1001
461,461,461,6/12/2023,5,480.64,2.5,Delivered,1005
462,462,462,6/14/2023,2,253.49,14.26,Delivered,1002
463,463,463,6/6/2023,5,419.74,1.83,Processing,1001
464,464,464,6/14/2023,5,185.83,17.63,Delivered,1002
465,465,465,6/4/2023,3,370.73,15.21,Cancelled,1003
466,466,466,6/3/2023,2,201.17,6.29,Delivered,1001
467,467,467,6/13/2023,3,386.2,18.53,Delivered,1005
468,468,468,6/14/2023,4,475.31,2.45,Cancelled,1002
469,469,469,6/14/2023,4,218.25,3.9,Delivered,1004
470,470,470,6/3/2023,5,371.95,14.62,Cancelled,1003
471,471,471,6/2/2023,4,435.88,9.94,Shipped,1005
472,472,472,6/4/2023,1,158.26,0.05,Delivered,1003
473,473,473,6/9/2023,5,404.57,14.02,Processing,1003
474,474,474,6/10/2023,4,355.49,6.47,Processing,1002
475,475,475,6/9/2023,4,372.2,15.68,Shipped,1005
476,476,476,6/12/2023,4,317.63,11.56,Cancelled,1001
477,477,477,6/1/2023,2,333.83,4.65,Cancelled,1005
478,478,478,6/19/2023,4,293.24,10.26,Cancelled,1005
479,479,479,6/1/2023,3,329.12,5.85,Shipped,1004
480,480,480,6/14/2023,4,371.84,6.01,Cancelled,1003
481,481,481,6/18/2023,2,191.82,18.43,Processing,1005
482,482,482,6/14/2023,5,407.92,9.61,Shipped,1004
483,483,483,6/5/2023,5,154.55,18.29,Processing,1001
484,484,484,6/14/2023,3,427.18,4.87,Shipped,1005
485,485,485,6/6/2023,1,181.97,12.69,Processing,1001
486,486,486,6/14/2023,3,429.42,8.84,Cancelled,1002
487,487,487,6/15/2023,4,491.81,0.89,Processing,1004
488,488,488,6/16/2023,1,159.62,15.33,Shipped,1003
489,489,489,6/9/2023,3,381.36,6.31,Delivered,1003
490,490,490,6/7/2023,4,494.54,18.52,Processing,1002
491,491,491,6/10/2023,1,393.06,9.58,Cancelled,1002
492,492,492,6/5/2023,4,217.35,5.73,Shipped,1002
493,493,493,6/17/2023,4,264.67,18.76,Processing,1003
494,494,494,6/19/2023,1,438.68,16.63,Cancelled,1003
495,495,495,6/7/2023,4,281.4,4.59,Processing,1005
496,496,496,6/15/2023,3,284.37,3.7,Delivered,1003
497,497,497,6/14/2023,5,491.89,2.78,Processing,1003
498,498,498,6/13/2023,5,418.01,17.78,Delivered,1004
499,499,499,6/17/2023,2,281.67,11.94,Delivered,1004
500,500,500,6/3/2023,3,294.16,19.43,Processing,1003
501,501,501,6/7/2023,2,153.05,18.88,Delivered,1002
502,502,502,6/6/2023,4,348.88,17.71,Processing,1004
503,503,503,6/5/2023,5,245.77,10.32,Processing,1002
504,504,504,6/13/2023,3,374.51,9.02,Processing,1001
505,505,505,6/5/2023,4,159.92,5.81,Shipped,1005
506,506,506,6/11/2023,2,349.68,5.01,Cancelled,1003
507,507,507,6/2/2023,2,291.33,8.27,Cancelled,1001
508,508,508,6/1/2023,1,347.71,8.04,Processing,1005
509,509,509,6/14/2023,2,468.63,10.05,Cancelled,1003
510,510,510,6/16/2023,5,387.07,19.48,Delivered,1001
511,511,511,6/4/2023,1,418.91,3.32,Shipped,1001
512,512,512,6/4/2023,1,216.37,19.17,Processing,1004
513,513,513,6/15/2023,2,309.34,16.77,Processing,1002
514,514,514,6/9/2023,3,371.57,1.95,Shipped,1003
515,515,515,6/7/2023,5,478.55,6.05,Cancelled,1001
516,516,516,6/7/2023,4,154.87,11.79,Cancelled,1001
517,517,517,6/18/2023,5,300.01,16.79,Delivered,1002
518,518,518,6/8/2023,4,177.86,14.1,Cancelled,1003
519,519,519,6/1/2023,3,461.11,2.09,Delivered,1004
520,520,520,6/17/2023,1,435.02,17.49,Delivered,1002
521,521,521,6/11/2023,3,243.69,9.92,Cancelled,1002
522,522,522,6/8/2023,5,175.3,15.39,Cancelled,1001
523,523,523,6/8/2023,4,469.2,5.06,Processing,1002
524,524,524,6/8/2023,1,350.16,8.47,Shipped,1001
525,525,525,6/7/2023,4,260.63,18.74,Shipped,1005
526,526,526,6/18/2023,5,193.55,5.69,Cancelled,1002
527,527,527,6/8/2023,3,263.19,11.87,Shipped,1003
528,528,528,6/17/2023,3,243.43,10.82,Processing,1001
529,529,529,6/17/2023,2,258.21,12.83,Shipped,1004
530,530,530,6/10/2023,4,499.88,1.17,Cancelled,1001
531,531,531,6/9/2023,3,421.5,12.22,Delivered,1005
532,532,532,6/6/2023,1,319.12,13.32,Processing,1001
533,533,533,6/13/2023,3,265.6,3,Delivered,1004
534,534,534,6/11/2023,2,268.09,6.49,Shipped,1005
535,535,535,6/12/2023,1,417.47,14.59,Cancelled,1005
536,536,536,6/13/2023,1,400.94,16.59,Shipped,1004
537,537,537,6/6/2023,5,195.68,7.22,Shipped,1003
538,538,538,6/4/2023,5,267.15,7.23,Delivered,1002
539,539,539,6/16/2023,5,293.69,9.91,Delivered,1003
540,540,540,6/8/2023,4,495.42,16.5,Delivered,1001
541,541,541,6/11/2023,1,424.08,7.06,Delivered,1005
542,542,542,6/2/2023,3,314.48,14.82,Processing,1002
543,543,543,6/12/2023,2,406.77,12.78,Processing,1001
544,544,544,6/17/2023,5,491.74,5.57,Delivered,1003
545,545,545,6/6/2023,2,322.57,17.01,Shipped,1003
546,546,546,6/19/2023,5,229.72,18.98,Processing,1002
547,547,547,6/1/2023,1,273.71,1.32,Shipped,1002
548,548,548,6/5/2023,2,451.75,15.3,Delivered,1005
549,549,549,6/3/2023,3,257.23,8.6,Delivered,1005
550,550,550,6/11/2023,2,436.63,17.48,Processing,1003
551,551,551,6/10/2023,5,455.97,8.41,Processing,1003
552,552,552,6/4/2023,3,355.54,13.66,Processing,1003
553,553,553,6/4/2023,2,257.89,18.1,Processing,1005
554,554,554,6/13/2023,3,443.13,13.34,Cancelled,1003
555,555,555,6/14/2023,2,442.8,3.35,Shipped,1003
556,556,556,6/4/2023,5,376.07,4.9,Shipped,1003
557,557,557,6/12/2023,2,254.02,8.81,Processing,1001
558,558,558,6/9/2023,1,209.63,1.83,Delivered,1001
559,559,559,6/12/2023,1,221.1,16.17,Delivered,1005
560,560,560,6/18/2023,1,249.56,11.91,Shipped,1003
561,561,561,6/9/2023,1,403.66,0.84,Delivered,1002
562,562,562,6/1/2023,1,252.14,14.38,Processing,1002
563,563,563,6/8/2023,2,151.37,16.31,Processing,1001
564,564,564,6/18/2023,3,327.07,9.97,Cancelled,1001
565,565,565,6/4/2023,5,150.08,5.59,Shipped,1003
566,566,566,6/1/2023,1,224.82,1.39,Processing,1001
567,567,567,6/5/2023,1,162.03,11.93,Cancelled,1005
568,568,568,6/11/2023,3,319.65,11.61,Cancelled,1001
569,569,569,6/13/2023,2,165.87,13.65,Cancelled,1001
570,570,570,6/7/2023,3,494.43,12.78,Delivered,1005
571,571,571,6/13/2023,5,234.1,17.69,Shipped,1005
572,572,572,6/12/2023,4,223.51,15.72,Delivered,1005
573,573,573,6/17/2023,3,314.61,14.86,Delivered,1001
574,574,574,6/9/2023,2,490.13,10.44,Shipped,1003
575,575,575,6/2/2023,5,393.72,18.09,Shipped,1005
576,576,576,6/10/2023,4,230.66,4.23,Cancelled,1004
577,577,577,6/19/2023,3,464.34,10.53,Delivered,1002
578,578,578,6/3/2023,2,493.9,0.23,Delivered,1002
579,579,579,6/17/2023,4,243.63,8.44,Processing,1005
580,580,580,6/3/2023,1,348.38,10.91,Processing,1002
581,581,581,6/4/2023,4,358.17,12.96,Processing,1002
582,582,582,6/7/2023,5,440.31,3.78,Delivered,1004
583,583,583,6/12/2023,3,241.96,6.39,Shipped,1002
584,584,584,6/16/2023,4,278.33,1.91,Cancelled,1004
585,585,585,6/7/2023,4,176.13,1.55,Processing,1001
586,586,586,6/17/2023,3,265.51,15.18,Delivered,1004
587,587,587,6/3/2023,4,282.57,12.81,Cancelled,1002
588,588,588,6/3/2023,1,304.03,2.48,Delivered,1004
589,589,589,6/6/2023,3,306.51,14.74,Cancelled,1002
590,590,590,6/2/2023,5,306.98,2.27,Cancelled,1001
591,591,591,6/13/2023,4,375.25,13.61,Cancelled,1004
592,592,592,6/11/2023,1,210.01,11.12,Cancelled,1001
593,593,593,6/8/2023,5,409.27,13.17,Processing,1002
594,594,594,6/18/2023,3,370.68,19.87,Shipped,1005
595,595,595,6/18/2023,3,443.51,10.69,Processing,1003
596,596,596,6/10/2023,4,227.99,15.63,Cancelled,1001
597,597,597,6/15/2023,4,196.84,2.82,Processing,1003
598,598,598,6/16/2023,1,428.8,11.77,Delivered,1001
599,599,599,6/3/2023,2,454.63,6.96,Delivered,1003
600,600,600,6/14/2023,3,465.36,12.48,Cancelled,1003
601,601,601,6/7/2023,2,233.75,17.43,Shipped,1002
602,602,602,6/16/2023,1,481.11,0.83,Delivered,1001
603,603,603,6/18/2023,2,333.23,4.65,Delivered,1002
604,604,604,6/11/2023,3,179.21,6.45,Cancelled,1004
605,605,605,6/15/2023,3,445.33,8.13,Delivered,1005
606,606,606,6/5/2023,5,248.29,3.6,Cancelled,1005
607,607,607,6/6/2023,4,287.75,2.85,Delivered,1001
608,608,608,6/13/2023,5,447.11,19.84,Delivered,1005
609,609,609,6/13/2023,5,268.24,5.18,Delivered,1001
610,610,610,6/2/2023,1,178.96,14.21,Shipped,1005
611,611,611,6/16/2023,2,291.98,17.39,Shipped,1004
612,612,612,6/9/2023,3,415.94,19.08,Cancelled,1002
613,613,613,6/4/2023,1,260.03,8.74,Cancelled,1002
614,614,614,6/2/2023,2,318.5,10.36,Shipped,1005
615,615,615,6/8/2023,3,270.42,5.5,Cancelled,1002
616,616,616,6/16/2023,2,178.47,3.09,Shipped,1005
617,617,617,6/5/2023,1,245.01,15.77,Cancelled,1002
618,618,618,6/18/2023,5,436.45,14.03,Cancelled,1003
619,619,619,6/14/2023,2,171.55,8.94,Delivered,1001
620,620,620,6/10/2023,3,160.84,2.72,Delivered,1001
621,621,621,6/15/2023,4,422.31,8.28,Delivered,1004
622,622,622,6/8/2023,2,341.54,17.06,Processing,1004
623,623,623,6/9/2023,1,357.32,16.6,Cancelled,1001
624,624,624,6/14/2023,3,308.15,5.84,Processing,1003
625,625,625,6/14/2023,1,384.54,12.22,Processing,1002
626,626,626,6/1/2023,4,470.12,9.89,Processing,1003
627,627,627,6/8/2023,2,286.81,4.29,Delivered,1004
628,628,628,6/18/2023,1,213.19,4.09,Processing,1001
629,629,629,6/14/2023,1,343.32,0.06,Delivered,1002
630,630,630,6/16/2023,2,472.35,14.43,Processing,1001
631,631,631,6/14/2023,4,159.1,11.5,Delivered,1004
632,632,632,6/10/2023,2,162.73,12.53,Processing,1004
633,633,633,6/5/2023,1,344.41,9.99,Shipped,1001
634,634,634,6/2/2023,2,354.54,18.89,Delivered,1004
635,635,635,6/6/2023,4,153.16,11.28,Cancelled,1001
636,636,636,6/4/2023,1,487.09,2.32,Processing,1002
637,637,637,6/19/2023,2,271.69,12.72,Shipped,1005
638,638,638,6/3/2023,5,476.78,7.62,Cancelled,1004
639,639,639,6/2/2023,4,192.41,13.56,Delivered,1003
640,640,640,6/6/2023,3,199.76,11.29,Processing,1001
641,641,641,6/3/2023,5,497.78,12.69,Delivered,1004
642,642,642,6/13/2023,5,374.75,13.23,Processing,1001
643,643,643,6/2/2023,2,279.79,7.07,Processing,1002
644,644,644,6/1/2023,1,446.14,15.18,Shipped,1001
645,645,645,6/19/2023,3,226.78,6.82,Cancelled,1002
646,646,646,6/11/2023,4,168.74,6.52,Cancelled,1004
647,647,647,6/9/2023,3,192.32,5.32,Delivered,1002
648,648,648,6/2/2023,2,481.48,18.93,Delivered,1005
649,649,649,6/15/2023,2,349.19,1.57,Processing,1002
650,650,650,6/7/2023,3,402.78,5.72,Delivered,1004
651,651,651,6/17/2023,4,494.68,6.15,Cancelled,1003
652,652,652,6/3/2023,2,373.8,9.31,Processing,1001
653,653,653,6/13/2023,4,471.1,2.8,Shipped,1002
654,654,654,6/19/2023,4,356.53,10.62,Processing,1002
655,655,655,6/16/2023,1,228.84,15.67,Processing,1004
656,656,656,6/11/2023,2,236.02,6.08,Shipped,1001
657,657,657,6/13/2023,4,276.6,9.71,Cancelled,1001
658,658,658,6/3/2023,3,459.44,14.44,Shipped,1004
659,659,659,6/4/2023,4,297.56,3.18,Cancelled,1005
660,660,660,6/11/2023,1,406.2,2.4,Cancelled,1001
661,661,661,6/18/2023,3,186.16,12.18,Delivered,1001
662,662,662,6/11/2023,1,232.38,5.12,Delivered,1005
663,663,663,6/7/2023,1,458.14,5.55,Delivered,1002
664,664,664,6/11/2023,1,429.08,8.17,Shipped,1003
665,665,665,6/18/2023,1,450.08,12.44,Cancelled,1001
666,666,666,6/12/2023,5,207.87,13.54,Processing,1001
667,667,667,6/12/2023,4,187.65,15.39,Cancelled,1002
668,668,668,6/7/2023,5,186.22,11.37,Processing,1004
669,669,669,6/7/2023,5,223.33,1.04,Delivered,1003
670,670,670,6/5/2023,4,194.91,9.1,Delivered,1002
671,671,671,6/4/2023,4,456.09,8.25,Processing,1005
672,672,672,6/17/2023,2,257.46,7.64,Shipped,1004
673,673,673,6/2/2023,5,227.46,8.85,Delivered,1004
674,674,674,6/7/2023,4,276.36,5.53,Shipped,1005
675,675,675,6/2/2023,2,440.75,17.36,Processing,1004
676,676,676,6/19/2023,2,411.8,14.74,Cancelled,1004
677,677,677,6/8/2023,4,317.58,4.92,Shipped,1001
678,678,678,6/3/2023,3,261.85,4.16,Cancelled,1001
679,679,679,6/7/2023,1,255.33,11.98,Delivered,1004
680,680,680,6/14/2023,2,432.5,2.06,Shipped,1002
681,681,681,6/1/2023,1,252.11,7.15,Processing,1002
682,682,682,6/1/2023,4,416.58,10.98,Shipped,1005
683,683,683,6/11/2023,5,480.6,5,Delivered,1002
684,684,684,6/7/2023,5,316.69,2.96,Shipped,1002
685,685,685,6/2/2023,1,174.06,12.08,Shipped,1005
686,686,686,6/10/2023,2,155.79,18.17,Cancelled,1003
687,687,687,6/12/2023,5,236.14,13.09,Delivered,1003
688,688,688,6/10/2023,4,332.13,6.72,Processing,1002
689,689,689,6/9/2023,2,170.3,15.31,Cancelled,1005
690,690,690,6/10/2023,1,287.12,18.65,Processing,1001
691,691,691,6/19/2023,1,446.73,0.72,Delivered,1003
692,692,692,6/4/2023,4,172.63,6.4,Cancelled,1005
693,693,693,6/11/2023,3,482.22,6.78,Processing,1002
694,694,694,6/17/2023,1,340.09,0.53,Cancelled,1001
695,695,695,6/9/2023,4,320.46,2.55,Shipped,1004
696,696,696,6/5/2023,5,256.1,14.61,Delivered,1001
697,697,697,6/14/2023,1,499.74,2.69,Delivered,1001
698,698,698,6/5/2023,2,480.41,3.65,Shipped,1004
699,699,699,6/9/2023,1,278.89,10.34,Delivered,1004
700,700,700,6/3/2023,2,223.22,14,Cancelled,1001
701,701,701,6/5/2023,2,381.69,5.35,Shipped,1004
702,702,702,6/12/2023,2,330.18,12.77,Processing,1004
703,703,703,6/5/2023,5,287.71,14.69,Delivered,1004
704,704,704,6/1/2023,1,296.24,17.43,Processing,1003
705,705,705,6/11/2023,3,498.47,0.8,Shipped,1003
706,706,706,6/1/2023,2,302.64,14.08,Shipped,1003
707,707,707,6/14/2023,2,190.68,18.38,Shipped,1004
708,708,708,6/18/2023,1,453.13,9.56,Cancelled,1001
709,709,709,6/1/2023,4,459.01,17.87,Processing,1004
710,710,710,6/13/2023,3,297.14,13.79,Cancelled,1002
711,711,711,6/11/2023,1,421.22,16.21,Processing,1001
712,712,712,6/13/2023,5,374.64,6.42,Delivered,1001
713,713,713,6/13/2023,2,425.07,15.77,Shipped,1003
714,714,714,6/17/2023,3,285.43,9.04,Shipped,1002
715,715,715,6/7/2023,1,311.26,5.66,Delivered,1004
716,716,716,6/13/2023,5,401.62,12.41,Processing,1002
717,717,717,6/14/2023,4,410.02,10.95,Shipped,1001
718,718,718,6/6/2023,3,301.89,19.5,Cancelled,1005
719,719,719,6/16/2023,3,455.15,16.67,Delivered,1005
720,720,720,6/16/2023,2,489.04,5.89,Processing,1004
721,721,721,6/19/2023,5,303.47,9.96,Delivered,1002
722,722,722,6/11/2023,5,226.02,15.64,Processing,1004
723,723,723,6/9/2023,5,281.58,1.56,Cancelled,1004
724,724,724,6/4/2023,3,484.88,1.76,Cancelled,1004
725,725,725,6/8/2023,3,397.12,12.87,Delivered,1001
726,726,726,6/19/2023,1,328.14,1.61,Shipped,1005
727,727,727,6/12/2023,4,422.44,19.9,Delivered,1004
728,728,728,6/18/2023,5,377.63,5.63,Shipped,1004
729,729,729,6/2/2023,2,407.58,6.13,Delivered,1005
730,730,730,6/5/2023,1,324.86,11.9,Delivered,1004
731,731,731,6/7/2023,4,291.41,10.99,Processing,1005
732,732,732,6/12/2023,4,441.2,0.39,Processing,1003
733,733,733,6/5/2023,1,349.99,11.34,Shipped,1002
734,734,734,6/4/2023,2,382.39,4.28,Shipped,1005
735,735,735,6/19/2023,1,489.35,14.78,Processing,1005
736,736,736,6/19/2023,4,439.71,8.02,Processing,1003
737,737,737,6/18/2023,2,478.02,6.68,Shipped,1004
738,738,738,6/19/2023,3,162.29,0.15,Processing,1001
739,739,739,6/14/2023,4,378.83,18.33,Shipped,1001
740,740,740,6/12/2023,4,280.3,4.19,Shipped,1004
741,741,741,6/13/2023,1,403.12,1.65,Shipped,1005
742,742,742,6/1/2023,2,455.91,0.91,Processing,1001
743,743,743,6/1/2023,5,287.95,4.74,Shipped,1002
744,744,744,6/11/2023,4,487.87,19.55,Delivered,1001
745,745,745,6/5/2023,5,220.35,2.94,Processing,1005
746,746,746,6/19/2023,1,271.69,12.75,Processing,1005
747,747,747,6/10/2023,5,223.27,19.78,Processing,1002
748,748,748,6/14/2023,3,291.91,6.13,Shipped,1003
749,749,749,6/8/2023,2,324.62,5.11,Shipped,1002
750,750,750,6/7/2023,3,491.3,18.1,Delivered,1005
751,751,751,6/4/2023,1,444,15.65,Processing,1002
752,752,752,6/9/2023,4,494.83,7,Delivered,1005
753,753,753,6/16/2023,5,201.57,3.59,Cancelled,1001
754,754,754,6/8/2023,3,220.98,14.27,Processing,1004
755,755,755,6/2/2023,1,306.75,6.74,Cancelled,1005
756,756,756,6/13/2023,1,329.84,2.74,Shipped,1005
757,757,757,6/2/2023,4,394.22,6.21,Shipped,1004
758,758,758,6/13/2023,2,316.63,4.3,Cancelled,1002
759,759,759,6/5/2023,1,315.88,19.34,Delivered,1002
760,760,760,6/7/2023,4,294.74,10.11,Shipped,1001
761,761,761,6/3/2023,3,194.08,1.01,Processing,1001
762,762,762,6/7/2023,5,155.49,5.22,Cancelled,1003
763,763,763,6/1/2023,3,203.82,14.82,Shipped,1004
764,764,764,6/10/2023,1,253.22,18.8,Processing,1003
765,765,765,6/1/2023,4,269.24,1.37,Cancelled,1002
766,766,766,6/14/2023,3,264.66,7,Cancelled,1002
767,767,767,6/4/2023,1,379.16,14.61,Shipped,1004
768,768,768,6/11/2023,5,449.9,18.29,Cancelled,1003
769,769,769,6/17/2023,5,243.67,10.16,Processing,1001
770,770,770,6/7/2023,3,271.16,16.68,Processing,1002
771,771,771,6/8/2023,4,353.25,19.16,Processing,1002
772,772,772,6/8/2023,1,349.29,11.9,Cancelled,1002
773,773,773,6/19/2023,2,271.04,17.94,Processing,1005
774,774,774,6/19/2023,1,396.27,3.33,Processing,1004
775,775,775,6/12/2023,2,297,17.33,Cancelled,1002
776,776,776,6/16/2023,4,301.88,13.18,Shipped,1005
777,777,777,6/13/2023,1,430.2,12.62,Processing,1004
778,778,778,6/1/2023,1,348.16,0.91,Cancelled,1005
779,779,779,6/10/2023,1,375.8,15.99,Processing,1005
780,780,780,6/17/2023,3,489.35,15.24,Shipped,1003
781,781,781,6/8/2023,1,223.82,6.14,Shipped,1003
782,782,782,6/9/2023,3,299.94,11.8,Processing,1001
783,783,783,6/4/2023,2,439.19,5.63,Processing,1002
784,784,784,6/17/2023,1,214.04,13.19,Processing,1002
785,785,785,6/17/2023,5,353.6,14.1,Processing,1004
786,786,786,6/10/2023,4,174.85,14.77,Cancelled,1003
787,787,787,6/10/2023,3,392.09,9.7,Cancelled,1005
788,788,788,6/12/2023,3,310.3,4.32,Delivered,1003
789,789,789,6/17/2023,4,184.52,0.24,Delivered,1001
790,790,790,6/17/2023,4,150.4,4.29,Cancelled,1005
791,791,791,6/15/2023,2,306.07,13.77,Shipped,1005
792,792,792,6/11/2023,4,405.78,9.16,Delivered,1002
793,793,793,6/9/2023,1,289.9,8.12,Delivered,1001
794,794,794,6/3/2023,1,258.59,6.93,Cancelled,1003
795,795,795,6/4/2023,1,378.77,17.7,Delivered,1002
796,796,796,6/1/2023,1,375.98,8.01,Delivered,1003
797,797,797,6/6/2023,3,435.73,8.71,Delivered,1005
798,798,798,6/13/2023,5,206.23,16.32,Shipped,1004
799,799,799,6/10/2023,2,171.07,8.77,Processing,1004
800,800,800,6/9/2023,5,285.48,6.63,Delivered,1001
801,801,801,6/15/2023,2,193.48,18.48,Shipped,1004
802,802,802,6/6/2023,3,183.32,0.98,Delivered,1003
803,803,803,6/15/2023,3,441.85,2.1,Shipped,1003
804,804,804,6/19/2023,2,497.14,8.21,Shipped,1005
805,805,805,6/15/2023,5,409.46,2.07,Processing,1004
806,806,806,6/10/2023,1,492.56,9.9,Shipped,1001
807,807,807,6/17/2023,5,302.42,0.87,Processing,1002
808,808,808,6/12/2023,1,469.75,14.79,Shipped,1002
809,809,809,6/1/2023,4,329.08,2.07,Cancelled,1004
810,810,810,6/10/2023,2,179.38,15.98,Shipped,1002
811,811,811,6/6/2023,1,453.91,14.7,Processing,1003
812,812,812,6/5/2023,2,248.64,17.26,Cancelled,1005
813,813,813,6/6/2023,4,152.95,9.35,Shipped,1003
814,814,814,6/10/2023,2,325.17,6.68,Processing,1003
815,815,815,6/12/2023,1,217.28,19.75,Processing,1005
816,816,816,6/7/2023,4,489.24,7.26,Shipped,1001
817,817,817,6/2/2023,4,228.86,8.36,Processing,1003
818,818,818,6/12/2023,2,308.82,12.04,Cancelled,1005
819,819,819,6/17/2023,1,428.82,18.97,Processing,1003
820,820,820,6/8/2023,3,379.4,0.97,Delivered,1004
821,821,821,6/6/2023,3,309.06,18.39,Shipped,1003
822,822,822,6/2/2023,3,342.75,0.1,Cancelled,1003
823,823,823,6/16/2023,2,458.46,10.47,Delivered,1005
824,824,824,6/14/2023,4,343.19,1.92,Cancelled,1004
825,825,825,6/12/2023,3,154.14,7.51,Shipped,1002
826,826,826,6/6/2023,3,168.74,11.97,Cancelled,1005
827,827,827,6/7/2023,2,405.29,17.26,Shipped,1001
828,828,828,6/13/2023,1,381.85,11.74,Processing,1003
829,829,829,6/2/2023,1,151.71,14.83,Processing,1003
830,830,830,6/13/2023,4,254.47,4.27,Processing,1003
831,831,831,6/13/2023,2,423.7,19.22,Shipped,1003
832,832,832,6/6/2023,2,267.2,1.41,Processing,1004
833,833,833,6/19/2023,1,257.01,0.69,Delivered,1003
834,834,834,6/3/2023,1,159.61,8.98,Cancelled,1001
835,835,835,6/7/2023,2,335.52,9.94,Shipped,1001
836,836,836,6/3/2023,2,358.66,9.18,Delivered,1004
837,837,837,6/15/2023,4,382.92,7.13,Cancelled,1003
838,838,838,6/18/2023,5,224.73,19.66,Cancelled,1002
839,839,839,6/17/2023,1,228.08,18.78,Delivered,1004
840,840,840,6/3/2023,1,172.15,10.02,Processing,1002
841,841,841,6/19/2023,3,252.35,14.26,Delivered,1005
842,842,842,6/15/2023,3,213.78,18.9,Shipped,1005
843,843,843,6/16/2023,5,237.94,3.96,Processing,1002
844,844,844,6/6/2023,3,182.63,8.03,Cancelled,1001
845,845,845,6/4/2023,2,256.35,12.95,Delivered,1005
846,846,846,6/18/2023,4,236.85,12.52,Cancelled,1001
847,847,847,6/5/2023,3,297.58,8.04,Delivered,1003
848,848,848,6/8/2023,3,486.26,15.62,Shipped,1004
849,849,849,6/18/2023,2,319.17,10.82,Cancelled,1002
850,850,850,6/2/2023,1,397.35,19.48,Delivered,1001
851,851,851,6/4/2023,4,166.63,3.45,Cancelled,1001
852,852,852,6/13/2023,2,266.58,3.23,Delivered,1005
853,853,853,6/8/2023,1,206.17,1.42,Delivered,1001
854,854,854,6/3/2023,4,361.61,16.03,Shipped,1004
855,855,855,6/8/2023,1,497.39,17.55,Processing,1004
856,856,856,6/9/2023,4,430.6,1.32,Delivered,1005
857,857,857,6/8/2023,1,449.92,2.14,Cancelled,1001
858,858,858,6/17/2023,4,188.08,7.2,Processing,1005
859,859,859,6/15/2023,3,280.86,7.56,Delivered,1002
860,860,860,6/11/2023,2,238.71,9.14,Shipped,1001
861,861,861,6/19/2023,5,302.79,18.12,Delivered,1004
862,862,862,6/17/2023,1,454.85,18.67,Delivered,1001
863,863,863,6/17/2023,4,217.91,16.3,Shipped,1002
864,864,864,6/8/2023,4,330.29,14.65,Delivered,1003
865,865,865,6/11/2023,1,498.26,9.24,Shipped,1001
866,866,866,6/4/2023,5,438.42,10.81,Processing,1003
867,867,867,6/13/2023,1,270.28,1.45,Cancelled,1004
868,868,868,6/11/2023,2,264.57,6.19,Delivered,1001
869,869,869,6/1/2023,5,321.74,16.28,Shipped,1003
870,870,870,6/8/2023,4,233.39,3.41,Processing,1002
871,871,871,6/19/2023,2,406.95,9.03,Cancelled,1001
872,872,872,6/10/2023,2,245.04,2.22,Cancelled,1005
873,873,873,6/3/2023,1,276.83,14.07,Shipped,1003
874,874,874,6/1/2023,3,445.86,17.41,Processing,1001
875,875,875,6/19/2023,3,427.88,1.1,Processing,1005
876,876,876,6/13/2023,3,438.79,7.63,Delivered,1005
877,877,877,6/12/2023,3,275.33,17.47,Delivered,1001
878,878,878,6/9/2023,3,444.32,18.3,Cancelled,1003
879,879,879,6/1/2023,4,255.95,16.01,Processing,1005
880,880,880,6/1/2023,1,413.78,6.15,Delivered,1001
881,881,881,6/18/2023,3,263.44,10.69,Processing,1001
882,882,882,6/11/2023,1,265.34,0.93,Delivered,1003
883,883,883,6/16/2023,1,359.06,18.44,Cancelled,1004
884,884,884,6/14/2023,4,468.29,0.91,Delivered,1004
885,885,885,6/6/2023,5,364.23,10.49,Delivered,1004
886,886,886,6/10/2023,1,405.59,9.5,Cancelled,1002
887,887,887,6/10/2023,2,298.57,14.76,Shipped,1001
888,888,888,6/2/2023,4,363.55,12.56,Shipped,1005
889,889,889,6/17/2023,5,258.62,10.77,Processing,1004
890,890,890,6/2/2023,3,325.76,17.6,Cancelled,1004
891,891,891,6/1/2023,2,317.96,2.75,Processing,1003
892,892,892,6/12/2023,4,204.87,19.17,Cancelled,1004
893,893,893,6/5/2023,1,213.75,17.95,Delivered,1001
894,894,894,6/9/2023,2,412.62,11.94,Delivered,1002
895,895,895,6/8/2023,5,189.19,17.97,Cancelled,1004
896,896,896,6/12/2023,1,341.77,11.39,Delivered,1001
897,897,897,6/6/2023,5,350.02,18.9,Processing,1001
898,898,898,6/18/2023,1,388.8,12.53,Delivered,1001
899,899,899,6/15/2023,5,226.07,0.76,Processing,1005
900,900,900,6/7/2023,2,190.91,17.75,Delivered,1005
901,901,901,6/2/2023,4,334.66,12.03,Shipped,1003
902,902,902,6/14/2023,3,327.16,18.06,Processing,1005
903,903,903,6/9/2023,5,449.84,16.68,Delivered,1001
904,904,904,6/9/2023,3,193.16,0.59,Shipped,1002
905,905,905,6/1/2023,3,356.45,5.44,Processing,1004
906,906,906,6/15/2023,1,193.31,12.39,Shipped,1003
907,907,907,6/8/2023,3,402.75,11.97,Delivered,1005
908,908,908,6/17/2023,4,389.92,5.9,Delivered,1005
909,909,909,6/1/2023,4,177.99,17.49,Processing,1003
910,910,910,6/5/2023,2,212.24,5.64,Delivered,1003
911,911,911,6/1/2023,3,440.2,14.75,Processing,1002
912,912,912,6/10/2023,5,449.16,17.64,Cancelled,1002
913,913,913,6/17/2023,3,172.6,18.04,Delivered,1002
914,914,914,6/18/2023,5,439.29,10.32,Processing,1001
915,915,915,6/18/2023,4,223.75,8.36,Processing,1004
916,916,916,6/7/2023,4,277.9,2.67,Delivered,1005
917,917,917,6/5/2023,2,272.91,6.47,Delivered,1001
918,918,918,6/16/2023,4,435.19,8.65,Delivered,1003
919,919,919,6/4/2023,2,339.38,4.27,Delivered,1001
920,920,920,6/5/2023,1,247.54,12.96,Delivered,1001
921,921,921,6/17/2023,3,323.29,1.55,Processing,1005
922,922,922,6/10/2023,3,239.16,11.08,Cancelled,1003
923,923,923,6/4/2023,1,330.12,1.7,Delivered,1001
924,924,924,6/12/2023,3,267.13,2.43,Shipped,1002
925,925,925,6/6/2023,3,155.66,19.66,Shipped,1003
926,926,926,6/4/2023,2,438.63,7.59,Shipped,1005
927,927,927,6/5/2023,4,174.24,10.63,Processing,1003
928,928,928,6/8/2023,3,188.65,9.68,Delivered,1001
929,929,929,6/16/2023,3,363.87,11.81,Processing,1003
930,930,930,6/5/2023,2,282.33,9.92,Shipped,1004
931,931,931,6/5/2023,5,351.31,15.79,Shipped,1003
932,932,932,6/5/2023,3,491.72,11.01,Processing,1005
933,933,933,6/14/2023,4,319.65,7.51,Shipped,1004
934,934,934,6/12/2023,5,462.83,7.07,Processing,1002
935,935,935,6/14/2023,3,163.46,15.36,Processing,1001
936,936,936,6/2/2023,3,465.3,14.74,Cancelled,1001
937,937,937,6/6/2023,2,275.91,4.35,Cancelled,1001
938,938,938,6/1/2023,1,492.36,1.4,Delivered,1004
939,939,939,6/2/2023,4,338.51,11.12,Cancelled,1003
940,940,940,6/14/2023,2,490.21,5.64,Cancelled,1004
941,941,941,6/18/2023,3,288.34,15.72,Processing,1005
942,942,942,6/1/2023,1,293.12,5.55,Processing,1003
943,943,943,6/14/2023,2,377.23,14,Delivered,1004
944,944,944,6/4/2023,4,261.48,7.48,Processing,1003
945,945,945,6/6/2023,4,493.99,2.24,Shipped,1002
946,946,946,6/13/2023,4,461.66,10.7,Shipped,1003
947,947,947,6/3/2023,3,459.77,6.39,Delivered,1002
948,948,948,6/7/2023,4,262.44,11.95,Cancelled,1002
949,949,949,6/7/2023,4,453.32,17.49,Delivered,1002
950,950,950,6/17/2023,3,272.86,0.3,Delivered,1002
951,951,951,6/6/2023,5,296.26,12.74,Shipped,1005
952,952,952,6/4/2023,5,341.45,18.45,Processing,1005
953,953,953,6/15/2023,4,394.76,15.03,Shipped,1005
954,954,954,6/6/2023,3,254.05,1.13,Shipped,1002
955,955,955,6/10/2023,2,293.26,11.56,Shipped,1005
956,956,956,6/4/2023,4,298.91,4.71,Processing,1001
957,957,957,6/4/2023,1,425.52,10.19,Delivered,1001
958,958,958,6/2/2023,2,438.4,8.61,Delivered,1003
959,959,959,6/1/2023,1,276.36,1.13,Processing,1004
960,960,960,6/18/2023,2,204.54,12.61,Cancelled,1004
961,961,961,6/15/2023,1,395.8,3.08,Shipped,1001
962,962,962,6/6/2023,3,269.93,17.47,Processing,1005
963,963,963,6/16/2023,1,368.81,19.05,Shipped,1005
964,964,964,6/6/2023,5,454.25,1.88,Delivered,1001
965,965,965,6/11/2023,1,492.2,5.42,Processing,1002
966,966,966,6/15/2023,5,409.03,16.34,Cancelled,1003
967,967,967,6/19/2023,1,398.68,11.31,Cancelled,1004
968,968,968,6/10/2023,3,248.56,3.01,Cancelled,1001
969,969,969,6/1/2023,3,256.24,17.21,Shipped,1004
970,970,970,6/18/2023,4,448.21,14.65,Delivered,1005
971,971,971,6/19/2023,4,216.39,11.26,Processing,1003
972,972,972,6/17/2023,1,275.38,4.4,Processing,1005
973,973,973,6/19/2023,1,307.56,5.17,Delivered,1001
974,974,974,6/13/2023,4,319.96,0.92,Delivered,1004
975,975,975,6/4/2023,2,368.8,8.51,Shipped,1003
976,976,976,6/9/2023,3,412.81,13.21,Delivered,1004
977,977,977,6/18/2023,2,365.2,10.24,Processing,1003
978,978,978,6/1/2023,5,177.81,13.3,Shipped,1002
979,979,979,6/18/2023,5,175.01,14.65,Delivered,1003
980,980,980,6/17/2023,2,424.46,2.4,Processing,1001
981,981,981,6/1/2023,4,338.46,0.22,Delivered,1003
982,982,982,6/15/2023,3,363.93,11.24,Delivered,1004
983,983,983,6/9/2023,3,258.52,12.14,Delivered,1001
984,984,984,6/15/2023,1,403.7,1.27,Delivered,1003
985,985,985,6/1/2023,1,377.69,8.54,Cancelled,1005
986,986,986,6/8/2023,3,288.73,19.9,Delivered,1005
987,987,987,6/19/2023,4,234.96,3.75,Delivered,1005
988,988,988,6/15/2023,5,398.59,18.57,Delivered,1005
989,989,989,6/15/2023,3,292.18,5.69,Shipped,1002
990,990,990,6/1/2023,5,156.78,2.87,Cancelled,1001
991,991,991,6/9/2023,5,245.56,1.75,Cancelled,1003
992,992,992,6/16/2023,3,152.36,13.05,Processing,1005
993,993,993,6/19/2023,4,462.49,18,Shipped,1003
994,994,994,6/10/2023,2,494.61,12.27,Processing,1001
995,995,995,6/7/2023,3,362.46,12.95,Processing,1004
996,996,996,6/11/2023,4,368.45,11.64,Shipped,1003
997,997,997,6/1/2023,5,264.7,16.28,Shipped,1005
998,998,998,6/14/2023,5,332.89,6.15,Shipped,1004
999,999,999,6/15/2023,3,324.91,7.72,Processing,1002
1000,1000,1000,6/1/2023,3,290.63,4.08,Cancelled,1003
